id,name,lat,lon
"3ee955024a8d","Holic_2.meshcore.sk",48.799411,17.157839
"69a4983d61f3","Dz3jar Test Node",49.855989,13.767051
"880e06972d53","MM2üêª",50.16276,14.39174
"e8f26b3a0423","RaRePlesh",49.84169,14.279261
"8334e2afe96e","Dejv Bobrovn√≠ky",49.868723,18.210187
"ad29330c673e","SK-MA-SolosnicaCZ-2RC",48.445461,17.233369
"f9cbf7043f85","CZ.NIC Room",50.07913,14.45137
"1849e43ae783","Kobylnice",49.13298,16.7331
"e13dd3761346","DonJirkaüè¥‚Äç‚ò†Ô∏è",50.1042,14.55117
"a4406d34a242","Dambo.meshcore.cz",49.04091,16.92567
"8106f43875c7","Katov.meshcore.sk",48.82722,17.17084
"3145bf7bf799","OK1MFI Repeater",49.87649,14.67249
"e75c947fa98c","Lp00.meshcore.cz üóº",48.74961,16.87005
"3391a348773c","Je≈æek OK3VK ü¶î",49.188266,16.638627
"bf1dc248477e","Ivanovice.meshcore.cz",49.267615,16.564357
"c17067902662","panoramka.meshcore.cz",49.83209,18.16894
"f1b5443badc8","FM_OBSV",49.698336,18.357413
"d4ae7507eeee","Enzo üëæ",48.83372,17.064536
"8ac60762697f","Jaro.PLZEN.meshcore.cz",49.740411,13.325904
"708ded427df1","Roztoky1üì¨",50.166884,14.387353
"f6f15b3a9586","She_who_thirsts",50.100946,14.129581
"b454ea129726","Digitüì°Jih",50.12104,14.482299
"d317f55de2bb","Ond≈ôejn√≠k",49.58352,18.313383
"35050acef666","NS-Repeater",50.15583,13.89562
"51e3bbc84bfc","TW.K90",50.1307,14.45475
"d4f1298e36fa","rohozna.meshcore.cz",49.65917,16.411211
"cfe38c5dd599","pokus-nena≈æran√Ω-vrch",49.841772,18.205918
"633bd92cf9f7","Done.R",49.18124,16.66968
"b15e9a49de54","ZN02.meshcore.cz",49.21619,16.60606
"5e9f52349f91","Digitüì°Solar",50.13148,14.44898
"e478615e96b3","Alien82 tdeck",0,0
"6e000c964219","Holic.meshcore.sk",48.80032,17.17103
"06bf7f64e86a","pramama.meshcore.cz",50.08293,17.22984
"55553dd10d05","OVA-FUTURUMüóº",49.833676,18.260913
"7885662a9886","JARDANET.BOHNICE",50.127658,14.41991
"22c0e1274009","HVEZDARNAüì°DABLICE",50.140861,14.476664
"99eaf2ca23d0","MCFE-Infrastructure",50.110609,14.394767
"d2d592d422ff","RickM üöò rpt",50.257852,14.697825
"bef40a15a49c","TW.K90R",50.13065,14.45478
"624acf9ac4d6","fate_rpi.meshcore.cz",50.157684,14.545203
"94a3bd38c4ad","Bo_Fajny_≈†picl !!!",49.826321,18.269182
"bea8e4761118","Strahov Repeater",50.07755,14.38098
"8d022c93eb70","uLet",49.92019,14.25032
"cafe0031953c","RPT Hostalkovice",49.84973,18.21405
"2bb4d21d8ee7","Zbiroh",49.855857,13.767264
"cadaf23373ea","TW.S200",50.102955,14.4784
"8c07252a6464","i-Tom Arbeit Repeater",50.12508,14.62878
"698ee76997ad","Done.Deck",0,0
"248b85a1d951","KRTINEC Repeater",49.22409,16.57732
"a20f8726d543","PLZ-repeater-01-meshcor",49.7761,13.38153
"381e19756e3c","BLK",50.036151,14.562649
"dddb12a31e3d","OK2USB_RPT_Brno",49.22042,16.659889
"b27e48fafb88","zahradni.op.meshcore",49.50042,17.73723
"501ff715e0e9","Digitüì°Sever",50.123209,14.481717
"16087e64f98b","Tady85TD",50.699794,14.539183
"1914f4b881a1","TurnovRPT",50.58736,15.15744
"20a53f9174ed","STAV",0,0
"3aa4a52cb1b8","KudlovOZL.meshcore.cz",49.20054,17.69101
"3f7c52f12b6c","roudnice.meshcore.cz",50.424365,14.245586
"fdbcba6354b2","OK1VBR.tdeck",0,0
"75a0de3ec669","babiüóº",49.212493,16.62037
"2a6d830022f4","mc0.ceperka.net",50.132915,15.772868
"1db8da2a35f8","amm.observerüëÅÔ∏è",50.118028,14.496169
"a0a0a015f3e6","420 ü•¶",50.076382,14.450205
"e52af1e75f0c","SeRePlesh",0,0
"a4642ff452f8","DUSNA",49.374641,18.034929
"81a6aab4b7e6","EL Depo",50.07541,14.518389
"79db02a28140","Blatov Repeater",50.082736,14.637148
"5991aa92343e","mbo1.repeater.ex",50.414462,14.910566
"d41aec8007cf","Msk_BBS",49.223512,16.591907
"1b6d76fac327","Msk0",49.223511,16.591906
"2247757aac61","MaHraObserver",49.813716,14.271201
"2a00aa9cabcd","OK2ZAW-QRO.cz repeater",49.55398,15.95199
"952c5213dd68","Jointer Praha",50.070159,14.49394
"c60db8d5da96","V√Ωhon.meshcore.cz",49.041369,16.639039
"33426711bc87","sonne.meshcore.cz",48.798557,16.87134
"302e9f710a66","starovicky.meshcore.cz",48.911877,16.770698
"87c04ea5399b","DK 618mnm Dlouh√Ω Kopec",49.54925,17.97184
"cc909aec830c","OK2ZAW Chroustov",49.45558,15.85779
"b23f2ff4e63a","Juracka.meshcore.cz",49.579206,17.636945
"abb7378f07e3","OK2ZAR repeater",50.033783,14.522503
"ab18c532bf61","Vƒõ≈æ√°k Kladno",50.140095,14.080163
"c516fef1a696","bart.t114",50.5268,16.016895
"ed7113bc421b","EL Pong",0,0
"91a5eab493c4","Jointer HA",50.070207,14.494108
"e198372af89e","VildaRepTest",49.21097,16.57603
"51535efda66a","milos.meshcore.cz",50.52782,14.01851
"1ecca309bd3f","BP.ZIZKOV",50.08595,14.44507
"2778ec71cc8e","BraTdeck",48.951515,16.315853
"279d86510ccd","RoomMorinka",49.9429,14.23762
"620db5958640","observer.fogll.meshcore",49.577203,15.838929
"b1f61c9a52f1","Tady85-Room.meshcore.cz",0,0
"7b21d6cba8a9","fate_aux.meshcore.cz",50.156688,14.543921
"9d37c184e106","Flora REP balcony",50.07745,14.4586
"0fa2d760c8ce","EL Pankr",50.05324,14.4368
"f400c729c1c6","CL-LADA.meshcore.cz",50.684079,14.541614
"ce53bcf057ca","Dimi Room",49.19109,16.629
"d63cb3b1db00","olomo.meshcore.cz",49.19109,16.629
"72d6c74bb5a2","Lu≈æice.meshcore.cz",48.833674,17.06873
"3e48368823cc","Vojtas.test.meshcore.cz",48.85833,17.112703
"bbbb743855c8","ReAdent",49.84291,14.56857
"a6af3ae21fb9","Echo_snp-baseüóº",50.087227,14.406858
"d74bbb81d938","staraLie-room",49.201533,16.68394
"25b4156f3a7c","staraLie-gar",49.201578,16.684176
"80d5d84be7e4","spicak.meshcore.cz",50.625204,13.666055
"428242368ebf","TestXiao",0,0
"4ff1235b1533","Plze≈à Ko≈°utka - Meteo",49.776428,13.35589
"f8bfda6508b8","Uklizecka üßπ",49.152074,16.565624
"e3f489c00f68","bythebridge.meshcore.cz",49.27482,16.60046
"784523df2942","z3r0",0,0
"5226c1f8fa89","ZN01.meshcore.cz",49.221412,16.577779
"24da30cf5fe1","Zbynek üìü",0,0
"237fa3ba5ff4","atlas",0,0
"1a9ed8a59f4e","Mufi PKR exp",50.013633,14.633365
"cf3d9547621f","üß† kubova kocka",49.190203,16.660125
"bebe9de732f0","HeCoMeshi",0,0
"0ee7edf0935e","Hunder",50.347614,14.477743
"32cda0b732c2","swift2.meshcore.cz",49.24607,16.57675
"58f7d5030f11","w00w",50.066383,13.666305
"c029dc7d13bb","MoMa",50.040855,14.568476
"fe49e82d35c0","CUKR_EAST",49.93647,14.356
"a311fad724d4","vin-mob",0,0
"54fce337ecdb","ZIVO RPT",49.682731,17.957509
"fbb2055d1be0","Effik Rak Solar",50.04122,14.5699
"91f23f5ced09","OK1KQH.DVORACEK",49.621508,14.513173
"9696296de658","BP.BREZINEVES.AP",50.16305,14.48133
"893381a13c2b","MaHraüå°Ô∏è",49.810847,14.265797
"f1efb2820344","Terasy",50.08388,14.39896
"ac8954bdb670","1JM0",50.1678,14.634617
"570be39adeb4","Boky-Pv ok2boz",0,0
"d875181b6205","CEBO_RPT_03",49.842748,14.389226
"d9479fa620ff","BraEastYagi",48.957884,16.330369
"ec10897b7a02","ZelesiceKH.meshcore.cz",49.13096,16.5658
"1a1802e6c1e8","RAK4631 Repeater",49.87631,14.861326
"f0f116ceb328","pinkolin solar test",49.72054,13.2429
"ed320b9cf610","CUKR_WEST",49.936557,14.355755
"fa792a542303","üêà davidova kocka",49.210986,16.677046
"41742eda12ad","MM1üêª",0,0
"65d9aaa4aef4","CZ.NIC Repeater",50.07913,14.45136
"bd41d82d7689","JMC998",49.399731,15.601019
"2d25b02ecd25","Zajeci_Hora",49.237353,16.609755
"8e63a191d47f","amm.malastrana‚õ™",50.084317,14.405717
"14a5d9565e68","Hladovecüå≥",49.828495,14.184384
"138f3e0c414c","P0D0L1",50.043826,14.428099
"82780afbe7c8","douby.raspberry",49.590138,17.933936
"87a6ee7aaea2","ftn11_tdeck",50.0587,14.428222
"7e0df2c93aa0","MirS",50.05653,13.6539
"5fd51afae231","Sgd üìü",0,0
"13b1e7b28f49","Kraken Heltec V3",50.591094,13.500776
"3b23bfb1108b","JCKBLPWR",50.450812,15.348347
"fea19a36ae68","Decommissioned!",0,0
"bc02ece3bc58","CernyVrch.meshcore.cz",50.06847,14.392939
"59f49121e1a9","üß≠VSA",50.18989,15.88299
"43c08c2a3897","szczurkosmiczny",49.355958,16.6503
"35660911ac48","BraTower",48.93588,16.313278
"b0b02eba2614","AdObserver",0,0
"2f4fc9119cb3","RoztokyüóºBoberStation",50.16276,14.39174
"bc4f928bc496","LAB#3.tdeck",0,0
"8a857217f57a","OK4SU",0,0
"9c5c9768b227","SnailyNode",0,0
"8440b1d36601","MorinkaRepNetmilk",49.94308,14.23873
"24957c20927c","418 IM_A_TEAPOT",0,0
"c9cfad4708c7","Milda1üê±",0,0
"df963338deba","JBC-02Krkonosska",50.706135,15.181001
"47e4cea6ad00","mlk-centrum.meshcore.cz",50.353171,14.474431
"98300ec63e0a","Sc00terik 01 (Repeater)",50.036941,14.492549
"9b17c19648f2","Tdeck Kresi",0,0
"3775afc9b4ce","MaHraüè°üóº",49.81068,14.265544
"1dbc16da03af","Lp02-XiaoS3",48.744536,16.870052
"af271b463bdd","JBC-01Pivovarska",50.7162,15.16862
"eb98aba76bdd","ƒåenƒè√°k Repeater",50.087957,14.365074
"2030e4a4fefc","amm.proseküåû",50.117982,14.496025
"1101e9a7e616","Jointer Netolice",49.853705,13.952814
"fa67dd45d74c","REP Krenice",50.03575,14.66344
"bd9cccee6778","Ho≈ôovick√Ω rohl√≠kü•ê",49.8346,13.89813
"6816bde31cfc","krkavka.meshcore.cz",49.89888,15.57418
"313e08148184","Mira",0,0
"282c002ddf56","LIPNIK",50.27023,14.90988
"a7534f5ec5d7","Tady85-HWP",0,0
"4b616c61ab12","Kala-Na+üå≤",49.724311,14.844406
"eeeeee947e4c","TEST - BiSka Aüç∫",50.118548,14.456159
"8ee43dea3706","norman67.portable",0,0
"90bcde8a25cc","OK0BR ‚õà",49.658501,13.817662
"b5ff295b3a86","WiCoMeshi",0,0
"e9f141b62fb9","Rad-Track-Sazava",0,0
"01415f25434f","Mirepeat Baba",50.116973,14.386078
"30fa1c759c47","Zebraküóº mc.samm.cz",49.874612,13.90403
"b68436f69833","Devin-test.meshcore.cz",48.869452,16.650305
"cb2673d0f793","s_83",0,0
"583a3d52040b","JMC002",0,0
"8d2a8bd3dec6","ZadniMostek",50.499828,15.700129
"e80c99da7c02","lfmc1",0,0
"61f8dfd479d9","MaHraTEST¬µArt",49.816273,14.268946
"108c6bea432d","kraken AB01",50.591249,13.50075
"e74f8b2d524e","EL Cap",50.078354,14.509945
"af1eb521bbd7","Davi_Krakovany",50.07097,15.36605
"912f0b560eb1","Effik Sensecap",50.040949,14.569968
"c36230ff127b","MCFE-Infrastructure3",50.10963,14.39428
"8f2981b834fd","Moravia_Room",49.22391,16.65696
"0c5b463bdf38","FraJa repeater",49.154194,16.540412
"f9f80041d069","JM Repeater MM",50.03533,14.53128
"c9e5747b833f","Roztoky HolyHandGrenade",50.155456,14.371931
"0c820802ed87","Work_beny",50.157345,14.171658
"4cb92a78c659","Bavaria Repeater",49.27164,16.592099
"69a73350a9a4","JSTH",50.04733,14.30287
"4976424fc7b5","DeadDrop@JO70DJ",0,0
"153852dca378","farsky.meshcore.cz",49.64882,16.5287
"4914154d94e0","chiptronCZ Repeater",50.06315,14.36771
"1979f3c1d20b","brezova.meshcore.cz",49.66052,16.51115
"814546ee85a6","KMS_MC_Rep1_Base",49.70371,13.41456
"666c6f76bba5","UHO",50.096107,14.727074
"7d6114c2059e","ok1mkh.meshcore.cz",50.17592,13.91248
"6600c97797f3","r1.fogll.meshcore.cz",49.57718,15.839
"77928ec6d69a","kls7 repeater",49.20361,16.59963
"5a8f48f5e762","BlackDog.Brno.CZ",49.254535,16.579381
"88c63a71d614","Honza Zl√≠n/autoRPTR",49.224644,17.657135
"b5c8557fe5c4","Losina.meshcore.cz ü´é",49.669567,13.454597
"8828dd039305","lmkz.meshcore.cz",50.23544,14.35672
"e3687ca79cfd","LFST",50.117283,14.296454
"c42066c2468c","rip4.meshcore.cz",50.38454,14.28817
"492ece97669f","Breclav-P21.meshcore.cz",48.770704,16.890346
"02ccd281de15","Honza Zlin/Doma",49.24244,17.67081
"6f626e6a7d5a","corneja",49.227412,16.628853
"fb97ccad8627","SatoshiLabs",50.11438,14.4819
"e3a078876a45","Effik Lili",50.10014,14.40341
"eacf7b742fc9","Fr√Ωdek rpt | Z√°ti≈°√≠",49.698326,18.357241
"123473069fb9","Hermanice",49.717323,17.806644
"6c4d1247792d","hadi.meshcore.cz",49.213658,16.686489
"241de03d3b01","LFPOSED",50.3766,14.12702
"5f08f9bfeb94","musilm.rptr.opatnet.cz",0,0
"0bff39697e61","cypherpunk",50.11271,14.47308
"03e05d139d9b","Solar_ltrk",50.41396,15.78032
"2fe84d98f0f6","JARDANET.COM",50.127111,14.470288
"b7561719e764","Tady85-TestRak",50.70005,14.53972
"3a1301b88979","RAK3172-trubka-repeater",49.839409,18.1814
"60231164df24","Arcao TDeck+",50.254622,14.517246
"ec3e6a8c51e4","EL Deck",0,0
"bcbf99c53e79","i-Tom Deck",50.131082,14.739524
"2c6f151ffd99","Digitüì°Wiki",50.11738,14.49775
"ec9919f0c98e","JARDANET.SOLAR",50.127937,14.451275
